Username,Email,Password
nparkadmin,admin@nparks.gov.sg,password12345!
zhiyong78,zhiyong78@gmail.com,R$U^jv9Z@qL6
liling93,liling93@outlook.com,P@ssw0rd123!
jiawei07,jiawei07@yahoo.com,SecurePass987@
weijie25,weijie25@gmail.com,Qwerty!2345
siewpeng66,siewpeng66@outlook.com,Pa$$w0rd2024
meilin38,meilin38@yahoo.com,Str0ngP@ss!
jingyi12,jingyi12@gmail.com,Passw0rd!
ahmad21,ahmad21@outlook.com,Secure123!
xiaomei49,xiaomei49@yahoo.com,Password1234@
soonhuat82,soonhuat82@gmail.com,Ch@ngeMeNow
shirley55,shirley55@outlook.com,P@ssword9876
rajasegar37,rajasegar37@yahoo.com,MyPassw0rd!
weiyan89,weiyan89@gmail.com,StrongP@ssw0rd!
muthu16,muthu16@outlook.com,Pa$$w0rd!
hockleng30,hockleng30@yahoo.com,Qwerty123!
chenghong73,chenghong73@gmail.com,Pa$$w0rd!
kimli98,kimli98@outlook.com,Secure1234!
laksmy41,laksmy41@yahoo.com,P@ssw0rd!
xiaoquan64,xiaoquan64@gmail.com,StrongP@ssword!
shufen27,shufen27@outlook.com,Passw0rd2024
ahboy80,ahboy80@yahoo.com,Ch@ngeMeNow!
sunita43,sunita43@gmail.com,SecureP@ss!
prakash06,prakash06@outlook.com,Pa$$w0rd123!
thiru19,thiru19@yahoo.com,Qwerty1234!
huiming52,huiming52@gmail.com,MyP@ssw0rd!
jialing75,jialing75@outlook.com,StrongP@ssword123
kumaran28,kumaran28@yahoo.com,Pa$$w0rd!
siewlian61,siewlian61@gmail.com,SecurePass123!
jiemin94,jiemin94@outlook.com,Passw0rd1234
ahseng17,ahseng17@yahoo.com,StrongPassword1234!
shuying40,shuying40@gmail.com,Pa$$w0rd!
shinmin83,shinmin83@outlook.com,SecureP@ss!
terence26,terence26@yahoo.com,MyP@ssword!
hweeming69,hweeming69@gmail.com,StrongP@ssword!
zhongming02,zhongming02@outlook.com,Passw0rd123
peter35,peter35@yahoo.com,Qwerty12345!
siewling78,siewling78@gmail.com,Pa$$w0rd123!
meilin11,meilin11@outlook.com,SecureP@ssw0rd!
kokhwa44,kokhwa44@yahoo.com,MyP@ssword123!
weicheng97,weicheng97@gmail.com,Ch@ngeMeNow
siewpeng50,siewpeng50@outlook.com,StrongPass1234!
ahsoon23,ahsoon23@yahoo.com,Passw0rd12345
nandini56,nandini56@gmail.com,Qwerty!2345
weiwei39,weiwei39@outlook.com,MyP@ssword!
xiaojun72,xiaojun72@yahoo.com,SecureP@ssword!
kaihui88,kaihui88@gmail.com,Pa$$w0rd!234
sharon60,sharon60@outlook.com,Ch@ngeMeNow!
yanling81,yanling81@yahoo.com,Secure123!
qingyun19,qingyun19@gmail.com,Qwerty!2345
jiahui27,jiahui27@outlook.com,P@ssword9876
chenghan74,chenghan74@yahoo.com,Str0ngP@ss!
yiwen99,yiwen99@gmail.com,SecurePass987@
jingwen53,jingwen53@outlook.com,Passw0rd!
liying36,liying36@yahoo.com,R$U^jv9Z@qL6
hongwei85,hongwei85@gmail.com,P@ssw0rd123!
chongkuan62,chongkuan62@outlook.com,MyPassw0rd!
ruijie47,ruijie47@yahoo.com,StrongP@ssw0rd!
yanping98,yanping98@gmail.com,Pa$$w0rd2024
tiancheng14,tiancheng14@outlook.com,Ch@ngeMeNow!
zhenyu21,zhenyu21@yahoo.com,SecureP@ss!
guohui77,guohui77@gmail.com,StrongP@ssword!
yixin35,yixin35@outlook.com,Password1234@
tingting46,tingting46@yahoo.com,Qwerty123!
ruilin61,ruilin61@gmail.com,P@ssword!
xiuying56,xiuying56@outlook.com,Str0ngP@ss!
leejun59,leejun59@yahoo.com,Secure1234!
yingqi20,yingqi20@gmail.com,MyP@ssword!
yingjie51,yingjie51@outlook.com,Pa$$w0rd!
xinyu39,xinyu39@yahoo.com,StrongPassword1234!
xinwei29,xinwei29@gmail.com,SecurePass123!
ruiqi57,ruiqi57@outlook.com,Ch@ngeMeNow!
shijie13,shijie13@yahoo.com,Qwerty1234!
ruimin87,ruimin87@gmail.com,Pa$$w0rd123!
jianhui70,jianhui70@outlook.com,MyP@ssword123!
yuhan31,yuhan31@yahoo.com,StrongP@ssword!
shuyi44,shuyi44@gmail.com,SecureP@ss!
mingyue95,mingyue95@outlook.com,Passw0rd!
xinlei68,xinlei68@yahoo.com,Qwerty12345!
jiayi76,jiayi76@gmail.com,Pa$$w0rd123!
yanxi99,yanxi99@outlook.com,SecureP@ssw0rd!
chongming80,chongming80@yahoo.com,MyP@ssword!
jinghui19,jinghui19@gmail.com,StrongPass1234!
kahhoe83,kahhoe83@outlook.com,Passw0rd12345
liankai21,liankai21@yahoo.com,Qwerty!2345
yinping47,yinping47@gmail.com,MyP@ssword!
yiheng42,yiheng42@outlook.com,SecureP@ssword!
jiamin93,jiamin93@yahoo.com,R$U^jv9Z@qL6
chongguan27,chongguan27@gmail.com,Pa$$w0rd123!
jinyang30,jinyang30@outlook.com,Ch@ngeMeNow!
liwei84,liwei84@yahoo.com,SecurePass987@
kahhoe64,kahhoe64@gmail.com,StrongP@ssword!
yanru37,yanru37@outlook.com,P@ssword!
yingjie11,yingjie11@yahoo.com,Str0ngP@ss!
jinliang76,jinliang76@gmail.com,Secure1234!
tiancheng59,tiancheng59@outlook.com,MyPassw0rd!
nxi99,yanxi99@outlook.com,SecureP@ssw0rd!
chongming80,chongming80@yahoo.com,MyP@ssword!
jinghui19,jinghui19@gmail.com,StrongPass1234!
kahhoe83,kahhoe83@outlook.com,Passw0rd12345
liankai21,liankai21@yahoo.com,Qwerty!2345
yinping47,yinping47@gmail.com,MyP@ssword!
yiheng42,yiheng42@outlook.com,SecureP@ssword!
jiamin93,jiamin93@yahoo.com,R$U^jv9Z@qL6
chongguan27,chongguan27@gmail.com,Pa$$w0rd123!
jinyang30,jinyang30@outlook.com,Ch@ngeMeNow!
liwei84,liwei84@yahoo.com,SecurePass987@
kahhoe64,kahhoe64@gmail.com,StrongP@ssword!
yanru37,yanru37@outlook.com,P@ssword!
yingjie11,yingjie11@yahoo.com,Str0ngP@ss!
jinliang76,jinliang76@gmail.com,Secure1234!
tiancheng59,tiancheng59@outlook.com,MyPassw0rd!
yinhui91,yinhui91@yahoo.com,StrongP@ssword123
shuqin78,shuqin78@gmail.com,Pa$$w0rd!
adam22,adam22@hotmail.com,Password123!
alexa17,alexa17@gmail.com,Secret123@
mohammed55,mohammed55@yahoo.com,Secure456!
amrita89,amrita89@hotmail.com,Pass123word!
siti78,siti78@gmail.com,Str0ngP@ss!
rahul62,rahul62@hotmail.com,Qwerty!2345
lucas94,lucas94@yahoo.com,MyP@ssword!
adamsmith01,adamsmith01@gmail.com,Password123!
sarahjane77,sarahjane77@hotmail.com,Secret456@
mohamedali45,mohamedali45@yahoo.com,Secure789!
naveenkumar23,naveenkumar23@gmail.com,Pass123word!
ritasimmons65,ritasimmons65@hotmail.com,Str0ngP@ss!
akashsingh89,akashsingh89@yahoo.com,Qwerty!2345
jacksonbrown28,jacksonbrown28@gmail.com,MyP@ssword!
amysmith58,amysmith58@hotmail.com,Passw0rd!
aravindan07,aravindan07@yahoo.com,Secret!234
jessicabaker90,jessicabaker90@gmail.com,StrongP@ss!
salmankhan24,salmankhan24@hotmail.com,Secure123!
sandrajohnson12,sandrajohnson12@yahoo.com,Qwerty1234!
sukhdevsingh31,sukhdevsingh31@gmail.com,MyP@ssword123!
emilywilson45,emilywilson45@hotmail.com,Passw0rd123@
davidmiller88,davidmiller88@gmail.com,Str0ngP@ssword!
alicegreen55,alicegreen55@yahoo.com,SecurePass123!
jonathansmith33,jonathansmith33@hotmail.com,StrongP@ss!
isabellelee37,isabellelee37@gmail.com,Passw0rd!2345
jacobthomas78,jacobthomas78@yahoo.com,MySecureP@ss!
vanessajones22,vanessajones22@hotmail.com,Qwerty!234
danielbrown81,danielbrown81@gmail.com,MyP@ssword!
rachelwilson67,rachelwilson67@hotmail.com,Passw0rd!123
keerthikumar29,keerthikumar29@yahoo.com,StrongP@ss!
sebastianmiller14,sebastianmiller14@gmail.com,SecureP@ssword!
oliviathomas13,oliviathomas13@hotmail.com,MyP@ssword!
elizabethjohnston06,elizabethjohnston06@yahoo.com,Ch@ngeMeNow!
dylanscott25,dylanscott25@gmail.com,StrongPass!123
nataliekingston91,nataliekingston91@hotmail.com,Passw0rd@567
